date,rent_lisbon,rent_portugal,wage_total,rent_lisbon_idx,rent_portugal_idx,wage_total_idx
2017-12-31,9.62,4.39,1215.0,100.0,100.0,100.0
2018-06-30,10.39,4.58,1218.25,108.0,104.3,100.3
2018-12-31,11.16,4.8,1240.25,116.0,109.3,102.1
2019-06-30,11.71,5.0,1257.0,121.7,113.9,103.5
2019-12-31,11.96,5.32,1275.75,124.3,121.2,105.0
2020-06-30,11.92,5.47,1290.5,123.9,124.6,106.2
2020-12-31,11.46,5.61,1315.5,119.1,127.8,108.3
2021-06-30,11.12,5.82,1343.25,115.6,132.6,110.6
2021-12-31,11.24,6.04,1360.25,116.8,137.6,112.0
2022-06-30,11.86,6.25,1379.25,123.3,142.4,113.5
2022-12-31,12.88,6.52,1410.25,133.9,148.5,116.1
2023-06-30,14.11,6.86,1460.0,146.7,156.3,120.2
2023-12-31,15.22,7.21,1505.5,158.2,164.2,123.9
2024-06-30,15.63,7.6,1552.75,162.5,173.1,127.8
2024-12-31,15.93,7.97,1603.0,165.6,181.5,131.9
2025-06-30,16.28,8.39,1650.0,169.2,191.1,135.8
2025-12-31,16.49,8.74,1695.0,171.4,199.1,139.5
