date,rent_m2,wage_total,wage_base,rent_source,rent_m2_idx,wage_total_idx,wage_base_idx
2017-12-31,4.39,1215.0,937.75,2021 methodology,100.0,100.0,100.0
2018-06-30,4.58,1218.25,943.25,2021 methodology,104.3,100.3,100.6
2018-12-31,4.8,1240.25,952.75,2021 methodology,109.3,102.1,101.6
2019-06-30,5.0,1257.0,964.0,2021 methodology,113.9,103.5,102.8
2019-12-31,5.32,1275.75,976.25,2021 methodology,121.2,105.0,104.1
2020-06-30,5.47,1290.5,990.25,2021 methodology,124.6,106.2,105.6
2020-12-31,5.61,1315.5,1008.75,2021 methodology,127.8,108.3,107.6
2021-06-30,5.82,1343.25,1028.25,2021 methodology,132.6,110.6,109.7
2021-12-31,6.04,1360.25,1039.0,2021 methodology,137.6,112.0,110.8
2022-06-30,6.25,1379.25,1049.25,2021 methodology,142.4,113.5,111.9
2022-12-31,6.52,1410.25,1069.75,2021 methodology,148.5,116.1,114.1
2023-06-30,6.86,1460.0,1108.5,2021 methodology,156.3,120.2,118.2
2023-12-31,7.21,1505.5,1143.0,2021 methodology,164.2,123.9,121.9
2024-06-30,7.6,1552.75,1178.25,2021 methodology,173.1,127.8,125.6
2024-12-31,7.97,1603.0,1213.0,2021 methodology,181.5,131.9,129.4
2025-06-30,8.39,1650.0,1244.75,2026 methodology (chain-linked),191.1,135.8,132.7
2025-12-31,8.74,1695.0,1276.0,2026 methodology (chain-linked),199.1,139.5,136.1
