geocod,municipality,rent_start,rent_end,leases_end,population,rent_growth_pct,size_group
11A1315,Valongo,5.32,8.04,948.0,98930,51.127819548872154,"Big (≥ 50,000)"
11A1316,Vila do Conde,5.01,8.04,771.0,86245,60.47904191616767,"Big (≥ 50,000)"
11A1317,Vila Nova de Gaia,6.51,10.63,4445.0,323202,63.28725038402459,"Big (≥ 50,000)"
11A1318,Trofa,4.19,7.05,396.0,41512,68.25775656324579,"Small (< 50,000)"
11A1304,Gondomar,5.42,8.57,1472.0,170597,58.11808118081181,"Big (≥ 50,000)"
11A0119,Vale de Cambra,3.46,5.72,250.0,22066,65.3179190751445,"Small (< 50,000)"
11A1306,Maia,6.11,9.59,1582.0,142129,56.95581014729949,"Big (≥ 50,000)"
11A1308,Matosinhos,7.66,12.12,2828.0,181930,58.22454308093994,"Big (≥ 50,000)"
11A1310,Paredes,3.62,5.73,744.0,88858,58.28729281767957,"Big (≥ 50,000)"
11A1312,Porto,8.97,14.13,7531.0,273476,57.52508361204014,"Big (≥ 50,000)"
11A1313,Póvoa de Varzim,5.36,8.7,967.0,72364,62.31343283582087,"Big (≥ 50,000)"
11A1314,Santo Tirso,3.32,6.09,529.0,69810,83.43373493975903,"Big (≥ 50,000)"
11A0107,Espinho,5.8,9.87,494.0,32455,70.17241379310344,"Small (< 50,000)"
11A0109,Santa Maria da Feira,3.89,6.53,1267.0,142676,67.86632390745501,"Big (≥ 50,000)"
11A0113,Oliveira de Azeméis,3.36,5.63,801.0,70027,67.55952380952381,"Big (≥ 50,000)"
11A0116,São João da Madeira,4.28,6.8,342.0,23991,58.87850467289719,"Small (< 50,000)"
3003110,São Vicente,,,,5027,,"Small (< 50,000)"
3003201,Porto Santo,,,,6916,,"Small (< 50,000)"
3003108,Santa Cruz,5.52,10.49,279.0,44132,90.03623188405798,"Small (< 50,000)"
3003107,Ribeira Brava,4.3,6.1,35.0,13172,41.86046511627908,"Small (< 50,000)"
3003109,Santana,,,,6643,,"Small (< 50,000)"
1C11513,Sines,5.63,12.95,130.0,16943,130.01776198934277,"Small (< 50,000)"
1C20201,Aljustrel,,7.29,62.0,9319,,"Small (< 50,000)"
1C20202,Almodôvar,3.79,5.03,62.0,7033,32.717678100263846,"Small (< 50,000)"
1C20203,Alvito,,,,2353,,"Small (< 50,000)"
1C20204,Barrancos,,,,1413,,"Small (< 50,000)"
1C20205,Beja,4.34,6.57,371.0,39627,51.382488479262676,"Small (< 50,000)"
1C20206,Castro Verde,,5.62,61.0,7096,,"Small (< 50,000)"
1C20207,Cuba,,3.32,36.0,4640,,"Small (< 50,000)"
1C20208,Ferreira do Alentejo,3.72,4.79,67.0,9625,28.76344086021505,"Small (< 50,000)"
1C20209,Mértola,,,,5976,,"Small (< 50,000)"
1C20210,Moura,3.21,4.44,71.0,13615,38.31775700934581,"Small (< 50,000)"
1C20212,Ourique,,,,5129,,"Small (< 50,000)"
1C20213,Serpa,3.59,4.48,61.0,14428,24.791086350974957,"Small (< 50,000)"
1C20214,Vidigueira,3.48,,,5513,,"Small (< 50,000)"
1C31201,Alter do Chão,,,,3194,,"Small (< 50,000)"
1C31202,Arronches,,3.8,38.0,2841,,"Small (< 50,000)"
1C31203,Avis,,,,3661,,"Small (< 50,000)"
1C31204,Campo Maior,2.59,3.49,104.0,8264,34.74903474903477,"Small (< 50,000)"
1C31205,Castelo de Vide,,,,3022,,"Small (< 50,000)"
1C31206,Crato,,,,3318,,"Small (< 50,000)"
1C31207,Elvas,3.08,4.61,280.0,21929,49.675324675324674,"Small (< 50,000)"
1C31208,Fronteira,,,,2957,,"Small (< 50,000)"
1C31209,Gavião,,,,3250,,"Small (< 50,000)"
1C31210,Marvão,,3.11,40.0,2908,,"Small (< 50,000)"
1C31211,Monforte,,,,2876,,"Small (< 50,000)"
1C31214,Portalegre,3.32,4.37,326.0,24025,31.6265060240964,"Small (< 50,000)"
1C31215,Sousel,,3.13,40.0,4506,,"Small (< 50,000)"
1C40701,Alandroal,,,,4989,,"Small (< 50,000)"
1C40702,Arraiolos,2.83,4.93,66.0,6857,74.20494699646642,"Small (< 50,000)"
1C40703,Borba,2.8,3.31,53.0,6542,18.214285714285715,"Small (< 50,000)"
1C40704,Estremoz,3.25,4.59,195.0,12858,41.230769230769226,"Small (< 50,000)"
1C40705,Évora,5.61,8.48,830.0,58567,51.158645276292326,"Big (≥ 50,000)"
1C40706,Montemor-o-Novo,3.77,5.65,236.0,16616,49.86737400530505,"Small (< 50,000)"
1C40707,Mora,,3.97,33.0,4143,,"Small (< 50,000)"
1C40708,Mourão,,,,2524,,"Small (< 50,000)"
1C40709,Portel,,,,5694,,"Small (< 50,000)"
1C40710,Redondo,3.24,4.07,51.0,6431,25.617283950617285,"Small (< 50,000)"
1C40711,Reguengos de Monsaraz,3.68,5.07,89.0,10599,37.77173913043479,"Small (< 50,000)"
1C40713,Viana do Alentejo,2.29,3.6,36.0,5594,57.2052401746725,"Small (< 50,000)"
1C40714,Vila Viçosa,3.14,3.59,74.0,7368,14.33121019108279,"Small (< 50,000)"
1C31212,Nisa,,,,6008,,"Small (< 50,000)"
1C31213,Ponte de Sor,3.39,5.51,174.0,15726,62.536873156342175,"Small (< 50,000)"
11B1703,Chaves,3.6,5.18,578.0,38014,43.888888888888886,"Small (< 50,000)"
11B1706,Montalegre,,,,8662,,"Small (< 50,000)"
11B1709,Ribeira de Pena,,,,5836,,"Small (< 50,000)"
11B1712,Valpaços,2.29,3.52,107.0,14247,53.7117903930131,"Small (< 50,000)"
11B1713,Vila Pouca de Aguiar,3.21,3.77,73.0,11794,17.445482866043616,"Small (< 50,000)"
11B1702,Boticas,,,,4811,,"Small (< 50,000)"
11C0106,Castelo de Paiva,3.09,4.06,71.0,15875,31.391585760517792,"Small (< 50,000)"
11C0305,Celorico de Basto,2.59,3.51,84.0,16260,35.52123552123552,"Small (< 50,000)"
11C1301,Amarante,2.83,4.45,464.0,52669,57.24381625441697,"Big (≥ 50,000)"
11C1302,Baião,2.82,3.89,93.0,16972,37.94326241134753,"Small (< 50,000)"
11C1303,Felgueiras,2.7,4.28,496.0,57432,58.518518518518526,"Big (≥ 50,000)"
11C1305,Lousada,2.7,4.84,331.0,50476,79.25925925925925,"Big (≥ 50,000)"
11C1307,Marco de Canaveses,2.55,4.6,380.0,50838,80.3921568627451,"Big (≥ 50,000)"
11C1309,Paços de Ferreira,3.14,5.39,497.0,57467,71.65605095541399,"Big (≥ 50,000)"
11C1311,Penafiel,3.2,5.6,499.0,71719,74.99999999999997,"Big (≥ 50,000)"
11C1804,Cinfães,2.52,4.14,94.0,17485,64.28571428571428,"Small (< 50,000)"
11C1813,Resende,,2.73,35.0,9535,,"Small (< 50,000)"
11D0403,Carrazeda de Ansiães,,,,5226,,"Small (< 50,000)"
11D0404,Freixo de Espada à Cinta,,,,2958,,"Small (< 50,000)"
11D0409,Torre de Moncorvo,2.63,3.54,53.0,6507,34.60076045627376,"Small (< 50,000)"
11D0914,Vila Nova de Foz Côa,2.09,3.06,64.0,5812,46.41148325358853,"Small (< 50,000)"
11D1701,Alijó,,3.16,38.0,10096,,"Small (< 50,000)"
11D1704,Mesão Frio,,,,3381,,"Small (< 50,000)"
11D1707,Murça,,,,5100,,"Small (< 50,000)"
11D1708,Peso da Régua,3.49,4.79,97.0,14421,37.24928366762177,"Small (< 50,000)"
11D1710,Sabrosa,,,,5576,,"Small (< 50,000)"
11D1711,Santa Marta de Penaguião,,,,6043,,"Small (< 50,000)"
11D1714,Vila Real,4.0,5.83,788.0,52964,45.75,"Big (≥ 50,000)"
11D1801,Armamar,,,,5545,,"Small (< 50,000)"
1920615,Soure,3.27,5.58,112.0,17493,70.64220183486239,"Small (< 50,000)"
11D1805,Lamego,2.74,4.86,198.0,24768,77.37226277372262,"Small (< 50,000)"
11D1807,Moimenta da Beira,2.34,3.77,103.0,9893,61.111111111111114,"Small (< 50,000)"
1500811,Portimão,7.06,11.36,1452.0,78125,60.90651558073654,"Big (≥ 50,000)"
1500812,São Brás de Alportel,5.09,7.16,146.0,12305,40.667976424361505,"Small (< 50,000)"
1500813,Silves,5.78,9.3,622.0,45884,60.89965397923876,"Small (< 50,000)"
1500814,Tavira,6.92,11.31,567.0,33006,63.43930635838151,"Small (< 50,000)"
1500815,Vila do Bispo,5.68,8.89,76.0,7078,56.51408450704227,"Small (< 50,000)"
1500816,Vila Real de Santo António,6.04,9.53,320.0,22349,57.78145695364236,"Small (< 50,000)"
1910102,Albergaria-a-Velha,3.82,6.24,311.0,26362,63.350785340314154,"Small (< 50,000)"
1910103,Anadia,3.75,5.96,334.0,29259,58.93333333333332,"Small (< 50,000)"
1910105,Aveiro,6.05,9.29,2047.0,91397,53.553719008264444,"Big (≥ 50,000)"
1910108,Estarreja,3.61,6.0,269.0,27746,66.2049861495845,"Small (< 50,000)"
1910110,Ílhavo,5.11,8.18,590.0,43297,60.07827788649705,"Small (< 50,000)"
1910112,Murtosa,4.03,5.97,99.0,10393,48.13895781637716,"Small (< 50,000)"
1910114,Oliveira do Bairro,3.59,5.94,357.0,25698,65.45961002785516,"Small (< 50,000)"
1910115,Ovar,4.59,7.01,611.0,58091,52.723311546840954,"Big (≥ 50,000)"
1910117,Sever do Vouga,3.02,4.49,134.0,11817,48.67549668874174,"Small (< 50,000)"
1910118,Vagos,3.49,6.07,293.0,25524,73.92550143266476,"Small (< 50,000)"
1910101,Águeda,3.64,6.05,614.0,50635,66.2087912087912,"Big (≥ 50,000)"
1920111,Mealhada,3.38,5.03,210.0,19948,48.81656804733729,"Small (< 50,000)"
1920601,Arganil,3.16,4.56,119.0,11437,44.303797468354425,"Small (< 50,000)"
1920602,Cantanhede,3.61,5.65,358.0,35779,56.509695290858744,"Small (< 50,000)"
1920603,Coimbra,6.05,9.18,3172.0,156359,51.73553719008264,"Big (≥ 50,000)"
1920604,Condeixa-a-Nova,3.97,5.8,197.0,17703,46.09571788413096,"Small (< 50,000)"
1920605,Figueira da Foz,4.63,7.84,990.0,65852,69.3304535637149,"Big (≥ 50,000)"
1920606,Góis,,,,3820,,"Small (< 50,000)"
1920607,Lousã,3.05,5.29,275.0,18143,73.4426229508197,"Small (< 50,000)"
1920608,Mira,3.18,5.66,138.0,12684,77.9874213836478,"Small (< 50,000)"
1920609,Miranda do Corvo,3.01,6.25,129.0,12308,107.64119601328903,"Small (< 50,000)"
1920610,Montemor-o-Velho,3.51,6.3,148.0,25301,79.48717948717949,"Small (< 50,000)"
1920611,Oliveira do Hospital,2.82,4.08,213.0,20047,44.6808510638298,"Small (< 50,000)"
1920612,Pampilhosa da Serra,,,,3304,,"Small (< 50,000)"
1920613,Penacova,,4.17,50.0,13105,,"Small (< 50,000)"
1920614,Penela,3.11,5.01,51.0,5730,61.093247588424425,"Small (< 50,000)"
1920616,Tábua,2.92,4.67,97.0,11670,59.93150684931508,"Small (< 50,000)"
1920617,Vila Nova de Poiares,2.66,4.73,91.0,7507,77.81954887218046,"Small (< 50,000)"
1921808,Mortágua,2.66,3.8,74.0,9185,42.85714285714284,"Small (< 50,000)"
1931002,Alvaiázere,2.5,4.18,48.0,6413,67.19999999999999,"Small (< 50,000)"
1931003,Ansião,3.01,4.44,117.0,12251,47.508305647840565,"Small (< 50,000)"
1931004,Batalha,3.28,6.36,179.0,17040,93.90243902439026,"Small (< 50,000)"
1931007,Castanheira de Pêra,,4.63,38.0,2747,,"Small (< 50,000)"
1931008,Figueiró dos Vinhos,2.8,3.92,47.0,5421,40.000000000000014,"Small (< 50,000)"
1931010,Marinha Grande,3.92,6.17,553.0,45511,57.39795918367348,"Small (< 50,000)"
1931013,Pedrógão Grande,,4.35,34.0,3739,,"Small (< 50,000)"
1931015,Pombal,3.46,5.42,549.0,54992,56.64739884393064,"Big (≥ 50,000)"
1931016,Porto de Mós,2.94,5.43,278.0,25057,84.6938775510204,"Small (< 50,000)"
1931009,Leiria,4.97,7.59,2458.0,145861,52.71629778672033,"Big (≥ 50,000)"
1940901,Aguiar da Beira,,3.15,50.0,4898,,"Small (< 50,000)"
1941802,Carregal do Sal,2.59,4.78,97.0,9597,84.55598455598457,"Small (< 50,000)"
1941803,Castro Daire,2.36,4.37,67.0,13400,85.16949152542375,"Small (< 50,000)"
1941806,Mangualde,2.75,4.47,250.0,19479,62.545454545454525,"Small (< 50,000)"
1941809,Nelas,2.78,4.58,164.0,13941,64.74820143884894,"Small (< 50,000)"
1941810,Oliveira de Frades,3.03,5.08,100.0,10502,67.65676567656766,"Small (< 50,000)"
1941811,Penalva do Castelo,,4.15,37.0,7160,,"Small (< 50,000)"
1941814,Santa Comba Dão,2.8,4.86,123.0,11140,73.5714285714286,"Small (< 50,000)"
1941816,São Pedro do Sul,3.31,5.61,221.0,15867,69.48640483383686,"Small (< 50,000)"
1941817,Sátão,2.22,3.38,84.0,11295,52.25225225225223,"Small (< 50,000)"
1941821,Tondela,3.45,5.47,282.0,26912,58.55072463768114,"Small (< 50,000)"
1941822,Vila Nova de Paiva,,3.35,34.0,4405,,"Small (< 50,000)"
1941823,Viseu,4.14,6.64,1947.0,109166,60.38647342995169,"Big (≥ 50,000)"
1941824,Vouzela,3.73,5.68,64.0,9668,52.27882037533511,"Small (< 50,000)"
1950502,Castelo Branco,3.33,5.17,891.0,58197,55.25525525525525,"Big (≥ 50,000)"
1950505,Idanha-a-Nova,,3.21,36.0,8360,,"Small (< 50,000)"
1950506,Oleiros,,,,4511,,"Small (< 50,000)"
1950507,Penamacor,,,,4362,,"Small (< 50,000)"
1950509,Sertã,2.88,4.36,158.0,15081,51.38888888888891,"Small (< 50,000)"
1950510,Vila de Rei,,,,3229,,"Small (< 50,000)"
1950511,Vila Velha de Ródão,,3.5,34.0,3418,,"Small (< 50,000)"
1950508,Proença-a-Nova,2.56,3.64,61.0,6960,42.1875,"Small (< 50,000)"
1960501,Belmonte,2.09,3.37,81.0,6173,61.24401913875599,"Small (< 50,000)"
1960503,Covilhã,3.59,6.18,1143.0,51045,72.14484679665738,"Big (≥ 50,000)"
1960504,Fundão,2.88,4.79,333.0,27754,66.31944444444444,"Small (< 50,000)"
1960902,Almeida,,,,5551,,"Small (< 50,000)"
1960903,Celorico da Beira,2.46,3.1,60.0,6545,26.016260162601633,"Small (< 50,000)"
1960904,Figueira de Castelo Rodrigo,,,,4859,,"Small (< 50,000)"
1960905,Fornos de Algodres,,,,4159,,"Small (< 50,000)"
1960906,Gouveia,2.45,3.6,130.0,11963,46.93877551020407,"Small (< 50,000)"
1960907,Guarda,3.21,5.11,516.0,40687,59.19003115264798,"Small (< 50,000)"
1960908,Manteigas,,3.52,33.0,2958,,"Small (< 50,000)"
1960909,Mêda,,2.7,37.0,4364,,"Small (< 50,000)"
1960910,Pinhel,1.89,3.18,36.0,8040,68.25396825396828,"Small (< 50,000)"
1960911,Sabugal,2.46,3.19,44.0,9368,29.67479674796747,"Small (< 50,000)"
1960912,Seia,2.69,3.96,307.0,21597,47.211895910780676,"Small (< 50,000)"
1960913,Trancoso,,3.35,61.0,8022,,"Small (< 50,000)"
1A01105,Cascais,10.56,16.2,4083.0,242619,53.40909090909089,"Big (≥ 50,000)"
1A01106,Lisboa,11.54,16.88,17137.0,658236,46.27383015597921,"Big (≥ 50,000)"
1A01107,Loures,7.41,11.57,3214.0,236988,56.14035087719298,"Big (≥ 50,000)"
1A01111,Sintra,7.11,11.07,5078.0,449956,55.696202531645554,"Big (≥ 50,000)"
1A01114,Vila Franca de Xira,6.57,10.53,1824.0,152007,60.273972602739704,"Big (≥ 50,000)"
1A01115,Amadora,8.68,12.77,3241.0,205517,47.11981566820276,"Big (≥ 50,000)"
1A01116,Odivelas,8.16,12.5,2569.0,185736,53.18627450980391,"Big (≥ 50,000)"
1A01109,Mafra,6.29,10.66,1321.0,96146,69.47535771065183,"Big (≥ 50,000)"
1A01110,Oeiras,9.93,15.03,3126.0,188056,51.359516616314195,"Big (≥ 50,000)"
1B01502,Alcochete,6.31,9.98,218.0,20407,58.16164817749605,"Small (< 50,000)"
1B01503,Almada,8.2,12.98,2910.0,202896,58.2926829268293,"Big (≥ 50,000)"
1B01504,Barreiro,6.57,11.18,1348.0,91766,70.16742770167426,"Big (≥ 50,000)"
1B01510,Seixal,6.6,11.01,1742.0,198254,66.81818181818183,"Big (≥ 50,000)"
1B01511,Sesimbra,5.83,9.53,511.0,59440,63.464837049742705,"Big (≥ 50,000)"
1B01512,Setúbal,6.55,10.86,1900.0,141266,65.80152671755725,"Big (≥ 50,000)"
1C10211,Odemira,4.32,6.64,357.0,44043,53.703703703703674,"Small (< 50,000)"
1C11501,Alcácer do Sal,4.41,7.88,100.0,11961,78.68480725623581,"Small (< 50,000)"
1C11505,Grândola,4.84,10.81,127.0,15319,123.34710743801654,"Small (< 50,000)"
1C11509,Santiago do Cacém,4.46,9.01,246.0,30226,102.01793721973095,"Small (< 50,000)"
1D11001,Alcobaça,3.76,6.76,662.0,60881,79.7872340425532,"Big (≥ 50,000)"
1D11005,Bombarral,3.4,6.5,195.0,14366,91.1764705882353,"Small (< 50,000)"
1D11006,Caldas da Rainha,4.57,8.06,1055.0,58983,76.36761487964989,"Big (≥ 50,000)"
1C40712,Vendas Novas,3.77,6.51,135.0,12860,72.67904509283818,"Small (< 50,000)"
1D11011,Nazaré,4.51,8.42,346.0,17067,86.69623059866962,"Small (< 50,000)"
1D11012,Óbidos,4.07,7.88,146.0,13912,93.61179361179359,"Small (< 50,000)"
1D11014,Peniche,4.74,7.69,405.0,30262,62.23628691983123,"Small (< 50,000)"
1D11101,Alenquer,5.0,8.33,458.0,50718,66.6,"Big (≥ 50,000)"
1D11102,Arruda dos Vinhos,5.31,7.32,145.0,16018,37.85310734463279,"Small (< 50,000)"
1D11104,Cadaval,3.33,5.76,98.0,14280,72.97297297297295,"Small (< 50,000)"
1D11108,Lourinhã,4.34,7.14,347.0,30056,64.51612903225805,"Small (< 50,000)"
1D11112,Sobral de Monte Agraço,4.38,7.45,113.0,11858,70.09132420091323,"Small (< 50,000)"
1D11113,Torres Vedras,5.34,8.33,988.0,94886,55.992509363295895,"Big (≥ 50,000)"
1D21401,Abrantes,3.14,5.79,379.0,36106,84.39490445859872,"Small (< 50,000)"
1D21402,Alcanena,2.85,4.79,153.0,13313,68.07017543859648,"Small (< 50,000)"
1D21408,Constância,,,,4048,,"Small (< 50,000)"
1D21410,Entroncamento,3.83,7.06,395.0,24743,84.33420365535247,"Small (< 50,000)"
1D21411,Ferreira do Zêzere,3.33,5.13,59.0,8113,54.054054054054056,"Small (< 50,000)"
1D21413,Mação,,,,6300,,"Small (< 50,000)"
1D21417,Sardoal,,,,3689,,"Small (< 50,000)"
1D21418,Tomar,3.98,6.85,455.0,37971,72.11055276381909,"Small (< 50,000)"
1D21419,Torres Novas,3.55,6.5,410.0,36208,83.09859154929578,"Small (< 50,000)"
1D21420,Vila Nova da Barquinha,3.25,5.6,81.0,7742,72.30769230769229,"Small (< 50,000)"
1D21421,Ourém,3.98,6.68,695.0,48834,67.83919597989949,"Small (< 50,000)"
1B01506,Moita,5.47,9.85,807.0,78541,80.07312614259598,"Big (≥ 50,000)"
1B01507,Montijo,6.24,9.92,848.0,68064,58.974358974358964,"Big (≥ 50,000)"
1B01508,Palmela,5.67,9.48,694.0,77044,67.1957671957672,"Big (≥ 50,000)"
1D31412,Golegã,3.33,4.73,58.0,5650,42.04204204204205,"Small (< 50,000)"
1D31414,Rio Maior,3.72,5.6,296.0,25412,50.53763440860213,"Small (< 50,000)"
1D31415,Salvaterra de Magos,3.86,6.03,150.0,23952,56.2176165803109,"Small (< 50,000)"
1D31416,Santarém,4.12,7.2,818.0,69392,74.75728155339804,"Big (≥ 50,000)"
1D31103,Azambuja,4.97,7.53,198.0,22755,51.50905432595574,"Small (< 50,000)"
1D31403,Almeirim,3.61,6.48,262.0,24167,79.50138504155126,"Small (< 50,000)"
1D31404,Alpiarça,2.76,4.68,55.0,7726,69.56521739130434,"Small (< 50,000)"
1D31405,Benavente,4.55,7.56,364.0,33923,66.15384615384615,"Small (< 50,000)"
1D31406,Cartaxo,3.69,5.93,219.0,25413,60.70460704607046,"Small (< 50,000)"
1D31407,Chamusca,2.53,4.31,62.0,8673,70.35573122529644,"Small (< 50,000)"
1D31409,Coruche,3.59,5.64,120.0,17986,57.10306406685237,"Small (< 50,000)"
2004101,Vila do Porto,,,,5544,,"Small (< 50,000)"
2004201,Lagoa (R.A.A.),4.49,6.53,68.0,14577,45.434298440979944,"Small (< 50,000)"
11D1815,São João da Pesqueira,,3.7,33.0,6458,,"Small (< 50,000)"
1500810,Olhão,5.47,8.5,487.0,48826,55.393053016453386,"Small (< 50,000)"
11D1812,Penedono,,,,2506,,"Small (< 50,000)"
11D1818,Sernancelhe,,,,4949,,"Small (< 50,000)"
11D1819,Tabuaço,,,,4516,,"Small (< 50,000)"
11D1820,Tarouca,,3.17,57.0,7448,,"Small (< 50,000)"
11E0401,Alfândega da Fé,,,,4210,,"Small (< 50,000)"
11E0402,Bragança,3.13,4.63,657.0,38309,47.92332268370607,"Small (< 50,000)"
11E0405,Macedo de Cavaleiros,2.16,3.35,157.0,13846,55.09259259259258,"Small (< 50,000)"
11E0406,Miranda do Douro,2.14,3.37,44.0,6065,57.476635514018696,"Small (< 50,000)"
11E0407,Mirandela,3.0,3.88,282.0,21761,29.33333333333332,"Small (< 50,000)"
11E0408,Mogadouro,2.47,2.92,63.0,8048,18.21862348178136,"Small (< 50,000)"
11E0410,Vila Flor,1.97,2.55,50.0,5773,29.441624365482234,"Small (< 50,000)"
11E0411,Vimioso,,,,3716,,"Small (< 50,000)"
11E0412,Vinhais,,,,7223,,"Small (< 50,000)"
1500801,Albufeira,7.33,11.44,949.0,63375,56.070941336971345,"Big (≥ 50,000)"
1500802,Alcoutim,,,,2467,,"Small (< 50,000)"
1500803,Aljezur,5.31,7.79,65.0,7456,46.70433145009418,"Small (< 50,000)"
1500804,Castro Marim,6.36,8.71,69.0,7570,36.94968553459119,"Small (< 50,000)"
1500805,Faro,6.56,9.67,1174.0,80256,47.40853658536586,"Big (≥ 50,000)"
1500806,Lagoa,5.65,9.34,313.0,28548,65.30973451327434,"Small (< 50,000)"
1500807,Lagos,7.54,12.34,479.0,40729,63.660477453580896,"Small (< 50,000)"
1500808,Loulé,7.48,11.95,1606.0,94447,59.75935828877004,"Big (≥ 50,000)"
1500809,Monchique,,7.49,,5611,,"Small (< 50,000)"
2004202,Nordeste,,,,4404,,"Small (< 50,000)"
2004203,Ponta Delgada,5.19,7.33,457.0,71695,41.23314065510597,"Big (≥ 50,000)"
2004204,Povoação,,,,5640,,"Small (< 50,000)"
2004205,Ribeira Grande,4.07,5.66,87.0,32060,39.066339066339054,"Small (< 50,000)"
2004206,Vila Franca do Campo,,,,10181,,"Small (< 50,000)"
2004301,Angra do Heroísmo,4.0,5.56,328.0,34774,38.99999999999999,"Small (< 50,000)"
2004302,Vila da Praia da Vitória,5.04,6.62,237.0,19848,31.349206349206348,"Small (< 50,000)"
2004401,Santa Cruz da Graciosa,,,,4074,,"Small (< 50,000)"
2004501,Calheta (R.A.A.),,,,3445,,"Small (< 50,000)"
2004502,Velas,4.29,5.91,59.0,5103,37.762237762237774,"Small (< 50,000)"
2004601,Lajes do Pico,,,,4575,,"Small (< 50,000)"
2004602,Madalena,,4.87,44.0,6850,,"Small (< 50,000)"
2004603,São Roque do Pico,,,,3554,,"Small (< 50,000)"
2004701,Horta,3.91,4.84,73.0,15173,23.785166240409204,"Small (< 50,000)"
2004801,Lajes das Flores,,,,1417,,"Small (< 50,000)"
2004802,Santa Cruz das Flores,,,,1980,,"Small (< 50,000)"
2004901,Corvo,,,,434,,"Small (< 50,000)"
3003101,Calheta (R.A.M.),3.21,6.41,60.0,11611,99.68847352024923,"Small (< 50,000)"
3003102,Câmara de Lobos,5.0,7.19,103.0,32808,43.80000000000002,"Small (< 50,000)"
3003103,Funchal,7.03,13.2,1133.0,113443,87.76671408250354,"Big (≥ 50,000)"
3003104,Machico,4.56,5.92,90.0,20812,29.824561403508774,"Small (< 50,000)"
3003105,Ponta do Sol,,,,8806,,"Small (< 50,000)"
3003106,Porto Moniz,,,,2760,,"Small (< 50,000)"
1190314,Vizela,3.2,5.46,264.0,25437,70.62499999999999,"Small (< 50,000)"
1191705,Mondim de Basto,,4.05,35.0,6252,,"Small (< 50,000)"
1190311,Vieira do Minho,,5.47,48.0,11657,,"Small (< 50,000)"
1190312,Vila Nova de Famalicão,3.91,6.57,1261.0,143801,68.0306905370844,"Big (≥ 50,000)"
11A0104,Arouca,3.46,5.28,96.0,21459,52.60115606936417,"Small (< 50,000)"
1111601,Arcos de Valdevez,3.25,5.05,190.0,20450,55.38461538461539,"Small (< 50,000)"
1111602,Caminha,4.0,6.14,256.0,17173,53.49999999999999,"Small (< 50,000)"
1111603,Melgaço,2.69,4.23,47.0,7111,57.24907063197029,"Small (< 50,000)"
1111604,Monção,3.64,6.25,321.0,18230,71.70329670329669,"Small (< 50,000)"
1111605,Paredes de Coura,2.93,4.55,70.0,8721,55.29010238907848,"Small (< 50,000)"
1111606,Ponte da Barca,2.81,4.29,92.0,11115,52.66903914590748,"Small (< 50,000)"
1111607,Ponte de Lima,3.62,5.91,396.0,42933,63.259668508287284,"Small (< 50,000)"
1111608,Valença,3.63,5.43,317.0,15699,49.58677685950412,"Small (< 50,000)"
1111609,Viana do Castelo,4.64,7.5,1504.0,92860,61.63793103448276,"Big (≥ 50,000)"
1111610,Vila Nova de Cerveira,3.22,4.58,102.0,10051,42.23602484472049,"Small (< 50,000)"
1120301,Amares,3.33,5.97,,19739,79.27927927927927,"Small (< 50,000)"
1120302,Barcelos,3.87,6.41,969.0,122487,65.63307493540051,"Big (≥ 50,000)"
1120303,Braga,5.36,8.38,4043.0,212635,56.343283582089555,"Big (≥ 50,000)"
1120306,Esposende,4.69,7.46,495.0,39069,59.06183368869935,"Small (< 50,000)"
1120310,Terras de Bouro,,,,6366,,"Small (< 50,000)"
1120313,Vila Verde,3.42,5.85,344.0,49649,71.05263157894737,"Small (< 50,000)"
1190308,Guimarães,3.77,6.44,2095.0,165554,70.82228116710876,"Big (≥ 50,000)"
1190304,Cabeceiras de Basto,2.8,3.88,90.0,15490,38.57142857142857,"Small (< 50,000)"
1190307,Fafe,2.84,4.7,528.0,50392,65.4929577464789,"Big (≥ 50,000)"
1190309,Póvoa de Lanhoso,2.58,4.63,179.0,22746,79.45736434108525,"Small (< 50,000)"
